req_id,op,block,arrival,size_bytes,locality,start,finish,status,cache_hit,error_injected,error_recovered,rewrite_cycle,endurance_failure,channel,service_time_ms,queue_wait_ms,request_class,stage_times_ms,latency_ms
1,WRITE,1000,0.0,4096,8,0.0,153.94646932218953,completed,False,False,False,1,False,0,153.94646932218953,0.0,write,"{""addressing"": 7.701711096317879, ""encoding"": 4.289360761116792, ""molecular_write"": 122.99700558688227, ""write_verification"": 17.9583918778726, ""buffer"": 1.0}",153.94646932218953
1,WRITE,1001,0.0,4096,9,0.0,139.0566754491165,completed,False,False,False,1,False,0,139.0566754491165,0.0,write,"{""addressing"": 5.863205799191637, ""encoding"": 6.410089464858384, ""molecular_write"": 110.43282513727272, ""write_verification"": 15.350555047793767, ""buffer"": 1.0}",139.0566754491165
1,WRITE,1002,0.0,4096,10,0.0,178.55412337486823,completed,False,False,False,1,False,0,178.55412337486823,0.0,write,"{""addressing"": 8.70713797890677, ""encoding"": 6.401850160003129, ""molecular_write"": 143.84078997193643, ""write_verification"": 18.604345264021898, ""buffer"": 1.0}",178.55412337486823
1,WRITE,1003,0.0,4096,11,0.0,112.73452518396557,completed,False,False,False,1,False,0,112.73452518396557,0.0,write,"{""addressing"": 8.172378832827404, ""encoding"": 5.126567204971376, ""molecular_write"": 76.44370204699361, ""write_verification"": 21.991877099173184, ""buffer"": 1.0}",112.73452518396557
1,WRITE,1004,0.0,4096,12,0.0,130.95668249531758,completed,False,False,False,1,False,0,130.95668249531758,0.0,write,"{""addressing"": 7.673300150069256, ""encoding"": 5.187588168872889, ""molecular_write"": 99.7994663371471, ""write_verification"": 17.296327839228343, ""buffer"": 1.0}",130.95668249531758
1,WRITE,1005,0.0,4096,13,0.0,137.37119735493133,completed,False,False,False,1,False,0,137.37119735493133,0.0,write,"{""addressing"": 6.1581504166217105, ""encoding"": 6.278893224087196, ""molecular_write"": 109.01111418071693, ""write_verification"": 14.923039533505483, ""buffer"": 1.0}",137.37119735493133
1,WRITE,1006,0.0,4096,14,0.0,102.06251655168117,completed,False,False,False,1,False,0,102.06251655168117,0.0,write,"{""addressing"": 8.69591691361369, ""encoding"": 4.734149705902359, ""molecular_write"": 73.28798981111022, ""write_verification"": 14.344460121054896, ""buffer"": 1.0}",102.06251655168117
1,WRITE,1007,0.0,4096,15,0.0,130.4143981132883,completed,False,False,False,1,False,0,130.4143981132883,0.0,write,"{""addressing"": 10.766719757806566, ""encoding"": 6.279043257552271, ""molecular_write"": 94.56703010672722, ""write_verification"": 17.801604991202257, ""buffer"": 1.0}",130.4143981132883
1,WRITE,1008,0.0,4096,0,0.0,131.45893779555712,completed,False,False,False,1,False,0,131.45893779555712,0.0,write,"{""addressing"": 7.103441112729821, ""encoding"": 5.316658749141673, ""molecular_write"": 104.02629070175351, ""write_verification"": 14.012547231932121, ""buffer"": 1.0}",131.45893779555712
1,WRITE,1009,0.0,4096,1,0.0,187.80566825787727,completed,False,False,False,1,False,0,187.80566825787727,0.0,write,"{""addressing"": 9.105755015159106, ""encoding"": 6.685165159017677, ""molecular_write"": 155.9336235837709, ""write_verification"": 15.081124499929599, ""buffer"": 1.0}",187.80566825787727
1,WRITE,1010,0.0,4096,2,0.0,179.88322039434507,completed,False,False,False,1,False,0,179.88322039434507,0.0,write,"{""addressing"": 6.2218668048177435, ""encoding"": 6.734227649296175, ""molecular_write"": 148.51453028627049, ""write_verification"": 17.412595653960675, ""buffer"": 1.0}",179.88322039434507
1,WRITE,1011,0.0,4096,3,0.0,252.5196877622139,completed,False,False,False,1,False,0,252.5196877622139,0.0,write,"{""addressing"": 11.534743199878978, ""encoding"": 6.226785150745194, ""molecular_write"": 216.37768283732967, ""write_verification"": 17.380476574260044, ""buffer"": 1.0}",252.5196877622139
1,WRITE,1012,0.0,4096,4,0.0,167.41422631014214,completed,False,False,False,1,False,0,167.41422631014214,0.0,write,"{""addressing"": 8.477184571405965, ""encoding"": 6.205925621008891, ""molecular_write"": 135.6796531148924, ""write_verification"": 16.051463002834886, ""buffer"": 1.0}",167.41422631014214
1,WRITE,1013,0.0,4096,5,0.0,115.58832233328167,completed,False,False,False,1,False,0,115.58832233328167,0.0,write,"{""addressing"": 10.335676777682703, ""encoding"": 5.037510338129007, ""molecular_write"": 84.70693284652167, ""write_verification"": 14.50820237094829, ""buffer"": 1.0}",115.58832233328167
1,WRITE,1014,0.0,4096,6,0.0,238.49139321559818,completed,False,False,False,1,False,0,238.49139321559818,0.0,write,"{""addressing"": 6.991221282220066, ""encoding"": 5.636833644037542, ""molecular_write"": 213.0415568858438, ""write_verification"": 11.82178140349677, ""buffer"": 1.0}",238.49139321559818
1,WRITE,1015,0.0,4096,7,0.0,196.49285459291332,completed,False,False,False,1,False,0,196.49285459291332,0.0,write,"{""addressing"": 6.995006259875948, ""encoding"": 4.857720458210272, ""molecular_write"": 165.79600808430413, ""write_verification"": 17.844119790522964, ""buffer"": 1.0}",196.49285459291332
1,WRITE,1016,0.0,4096,8,0.0,166.52561061744962,completed,False,False,False,1,False,0,166.52561061744962,0.0,write,"{""addressing"": 9.378899193654235, ""encoding"": 6.503784177271563, ""molecular_write"": 134.38409843635384, ""write_verification"": 15.25882881016997, ""buffer"": 1.0}",166.52561061744962
1,WRITE,1017,0.0,4096,9,0.0,95.51381654625793,completed,False,False,False,1,False,0,95.51381654625793,0.0,write,"{""addressing"": 9.282351421593551, ""encoding"": 4.877651532123739, ""molecular_write"": 70.45544027234004, ""write_verification"": 9.89837332020059, ""buffer"": 1.0}",95.51381654625793
1,WRITE,1018,0.0,4096,10,0.0,234.6028329425794,completed,False,False,False,1,False,0,234.6028329425794,0.0,write,"{""addressing"": 8.28983979711976, ""encoding"": 6.129615995622785, ""molecular_write"": 206.90238859872886, ""write_verification"": 12.280988551107985, ""buffer"": 1.0}",234.6028329425794
1,WRITE,1019,0.0,4096,11,0.0,143.08434187361325,completed,False,False,False,1,False,0,143.08434187361325,0.0,write,"{""addressing"": 9.146955330890254, ""encoding"": 7.491587898082176, ""molecular_write"": 108.24040663202767, ""write_verification"": 17.20539201261316, ""buffer"": 1.0}",143.08434187361325
1,WRITE,1020,0.0,4096,12,0.0,275.74505414649093,completed,False,False,False,1,False,0,275.74505414649093,0.0,write,"{""addressing"": 7.869010973639946, ""encoding"": 5.386208938515184, ""molecular_write"": 248.7504489795936, ""write_verification"": 12.739385254742174, ""buffer"": 1.0}",275.74505414649093
1,WRITE,1021,0.0,4096,13,0.0,155.67222602717254,completed,False,False,False,1,False,0,155.67222602717254,0.0,write,"{""addressing"": 5.951738296390399, ""encoding"": 5.148472493568153, ""molecular_write"": 128.75791433579676, ""write_verification"": 14.814100901417259, ""buffer"": 1.0}",155.67222602717254
1,WRITE,1022,0.0,4096,14,0.0,97.55874791579757,completed,False,False,False,1,False,0,97.55874791579757,0.0,write,"{""addressing"": 9.041944143086578, ""encoding"": 6.445038651428164, ""molecular_write"": 65.07904115106952, ""write_verification"": 15.992723970213305, ""buffer"": 1.0}",97.55874791579757
1,WRITE,1023,0.0,4096,15,0.0,137.3705839881269,completed,False,False,False,1,False,0,137.3705839881269,0.0,write,"{""addressing"": 7.8059450910513215, ""encoding"": 5.842256740414911, ""molecular_write"": 107.54043340737375, ""write_verification"": 15.181948749286914, ""buffer"": 1.0}",137.3705839881269
1,WRITE,1024,0.0,4096,0,0.0,127.34792178780243,completed,False,False,False,1,False,0,127.34792178780243,0.0,write,"{""addressing"": 5.8437379983252224, ""encoding"": 7.573004427638466, ""molecular_write"": 98.8063553031899, ""write_verification"": 14.124824058648837, ""buffer"": 1.0}",127.34792178780243
1,WRITE,1025,0.0,4096,1,0.0,150.58458876742768,completed,False,False,False,1,False,0,150.58458876742768,0.0,write,"{""addressing"": 10.184337238842929, ""encoding"": 6.508514236971476, ""molecular_write"": 120.81384626285309, ""write_verification"": 12.077891028760172, ""buffer"": 1.0}",150.58458876742768
1,WRITE,1026,0.0,4096,2,0.0,153.1081264533611,completed,False,False,False,1,False,0,153.1081264533611,0.0,write,"{""addressing"": 8.501833573585353, ""encoding"": 6.476244880195416, ""molecular_write"": 121.08096385741021, ""write_verification"": 16.049084142170138, ""buffer"": 1.0}",153.1081264533611
1,WRITE,1027,0.0,4096,3,0.0,232.03483524818446,completed,False,False,False,1,False,0,232.03483524818446,0.0,write,"{""addressing"": 8.495666875045298, ""encoding"": 5.392838362032626, ""molecular_write"": 199.20793136287682, ""write_verification"": 17.938398648229715, ""buffer"": 1.0}",232.03483524818446
1,WRITE,1028,0.0,4096,4,0.0,154.55652630561985,completed,False,False,False,1,False,0,154.55652630561985,0.0,write,"{""addressing"": 6.509663895121248, ""encoding"": 5.854077084796303, ""molecular_write"": 122.8617144469286, ""write_verification"": 18.331070878773694, ""buffer"": 1.0}",154.55652630561985
1,WRITE,1029,0.0,4096,5,0.0,132.5692530651402,completed,False,False,False,1,False,0,132.5692530651402,0.0,write,"{""addressing"": 7.939940470672095, ""encoding"": 5.316312588503803, ""molecular_write"": 103.26582371633087, ""write_verification"": 15.04717628963344, ""buffer"": 1.0}",132.5692530651402
1,WRITE,1030,0.0,4096,6,0.0,222.68883253003912,completed,False,False,False,1,False,0,222.68883253003912,0.0,write,"{""addressing"": 9.752637293633654, ""encoding"": 6.497573082338953, ""molecular_write"": 189.977488768687, ""write_verification"": 15.461133385379508, ""buffer"": 1.0}",222.68883253003912
1,WRITE,1031,0.0,4096,7,0.0,163.15955952633672,completed,False,False,False,1,False,0,163.15955952633672,0.0,write,"{""addressing"": 9.00749539421797, ""encoding"": 4.65884822785635, ""molecular_write"": 136.2279878570102, ""write_verification"": 12.265228047252211, ""buffer"": 1.0}",163.15955952633672
1,WRITE,1032,0.0,4096,8,0.0,146.37384442521804,completed,False,False,False,1,False,0,146.37384442521804,0.0,write,"{""addressing"": 5.847562660813924, ""encoding"": 5.0325964959478435, ""molecular_write"": 121.62560220781629, ""write_verification"": 12.868083060639973, ""buffer"": 1.0}",146.37384442521804
1,WRITE,1033,0.0,4096,9,0.0,169.70848012194006,completed,False,False,False,1,False,0,169.70848012194006,0.0,write,"{""addressing"": 7.168784518708968, ""encoding"": 7.43360207390191, ""molecular_write"": 137.87508539258462, ""write_verification"": 16.231008136744535, ""buffer"": 1.0}",169.70848012194006
1,WRITE,1034,0.0,4096,10,0.0,163.60664158636897,completed,False,False,False,1,False,0,163.60664158636897,0.0,write,"{""addressing"": 3.9026977982495605, ""encoding"": 3.816452504715531, ""molecular_write"": 137.03887460656998, ""write_verification"": 17.8486166768339, ""buffer"": 1.0}",163.60664158636897
1,WRITE,1035,0.0,4096,11,0.0,157.45487838350192,completed,False,False,False,1,False,0,157.45487838350192,0.0,write,"{""addressing"": 5.954433857504344, ""encoding"": 6.117105375414095, ""molecular_write"": 127.8864858968551, ""write_verification"": 16.496853253728382, ""buffer"": 1.0}",157.45487838350192
1,WRITE,1036,0.0,4096,12,0.0,115.85030721060889,completed,False,False,False,1,False,0,115.85030721060889,0.0,write,"{""addressing"": 9.381198128777164, ""encoding"": 7.360234075624124, ""molecular_write"": 76.89998224617246, ""write_verification"": 21.20889276003515, ""buffer"": 1.0}",115.85030721060889
1,WRITE,1037,0.0,4096,13,0.0,134.48825785753345,completed,False,False,False,1,False,0,134.48825785753345,0.0,write,"{""addressing"": 6.913826477075864, ""encoding"": 5.524420253807964, ""molecular_write"": 107.23586110668542, ""write_verification"": 13.8141500199642, ""buffer"": 1.0}",134.48825785753345
1,WRITE,1038,0.0,4096,14,0.0,174.32547302966807,completed,False,False,False,1,False,0,174.32547302966807,0.0,write,"{""addressing"": 8.094953451235487, ""encoding"": 5.339572939156068, ""molecular_write"": 146.22468161854084, ""write_verification"": 13.666265020735661, ""buffer"": 1.0}",174.32547302966807
1,WRITE,1039,0.0,4096,15,0.0,105.73466983447122,completed,False,False,False,1,False,0,105.73466983447122,0.0,write,"{""addressing"": 7.977128069642397, ""encoding"": 5.87550686506139, ""molecular_write"": 78.57113267188963, ""write_verification"": 12.310902227877802, ""buffer"": 1.0}",105.73466983447122
1,WRITE,1040,0.0,4096,0,0.0,193.31548292109997,completed,False,False,False,1,False,0,193.31548292109997,0.0,write,"{""addressing"": 9.14961143582754, ""encoding"": 6.500193261311193, ""molecular_write"": 157.2525480188757, ""write_verification"": 19.413130205085544, ""buffer"": 1.0}",193.31548292109997
1,WRITE,1041,0.0,4096,1,0.0,230.0174375799694,completed,False,False,False,1,False,0,230.0174375799694,0.0,write,"{""addressing"": 9.126753210455059, ""encoding"": 6.658136411891986, ""molecular_write"": 198.97823593282644, ""write_verification"": 14.254312024795937, ""buffer"": 1.0}",230.0174375799694
1,WRITE,1042,0.0,4096,2,0.0,174.52507420202443,completed,False,False,False,1,False,0,174.52507420202443,0.0,write,"{""addressing"": 12.205640344277755, ""encoding"": 5.574465583156366, ""molecular_write"": 137.57687073101187, ""write_verification"": 18.168097543578412, ""buffer"": 1.0}",174.52507420202443
1,WRITE,1043,0.0,4096,3,0.0,127.65325199778968,completed,False,False,False,1,False,0,127.65325199778968,0.0,write,"{""addressing"": 10.113498750212758, ""encoding"": 5.7032048794798085, ""molecular_write"": 98.47704101820405, ""write_verification"": 12.359507349893061, ""buffer"": 1.0}",127.65325199778968
1,WRITE,1044,0.0,4096,4,0.0,109.59632911774136,completed,False,False,False,1,False,0,109.59632911774136,0.0,write,"{""addressing"": 6.409034715241328, ""encoding"": 7.810673707601256, ""molecular_write"": 79.94433558683822, ""write_verification"": 14.432285108060547, ""buffer"": 1.0}",109.59632911774136
1,WRITE,1045,0.0,4096,5,0.0,123.82481783471299,completed,False,False,False,1,False,0,123.82481783471299,0.0,write,"{""addressing"": 8.349970401134046, ""encoding"": 6.347496332850189, ""molecular_write"": 92.45633099646638, ""write_verification"": 15.671020104262386, ""buffer"": 1.0}",123.82481783471299
1,WRITE,1046,0.0,4096,6,0.0,143.0535815691648,completed,False,False,False,1,False,0,143.0535815691648,0.0,write,"{""addressing"": 8.12034461349616, ""encoding"": 6.89659623372933, ""molecular_write"": 119.36944825361996, ""write_verification"": 7.667192468319328, ""buffer"": 1.0}",143.0535815691648
1,WRITE,1047,0.0,4096,7,0.0,108.32621871057817,completed,False,False,False,1,False,0,108.32621871057817,0.0,write,"{""addressing"": 6.72426042116352, ""encoding"": 5.1528611456818885, ""molecular_write"": 85.67110553356572, ""write_verification"": 9.777991610167051, ""buffer"": 1.0}",108.32621871057817
1,WRITE,1048,0.0,4096,8,0.0,158.8078950729994,completed,False,False,False,1,False,0,158.8078950729994,0.0,write,"{""addressing"": 7.326559368572726, ""encoding"": 5.501482812407062, ""molecular_write"": 130.59818250255987, ""write_verification"": 14.381670389459751, ""buffer"": 1.0}",158.8078950729994
1,WRITE,1049,0.0,4096,9,0.0,219.7741785974091,completed,False,False,False,1,False,0,219.7741785974091,0.0,write,"{""addressing"": 8.976292669418012, ""encoding"": 5.719261143814487, ""molecular_write"": 188.46581244455737, ""write_verification"": 15.612812339619241, ""buffer"": 1.0}",219.7741785974091
1,WRITE,1050,0.0,4096,10,0.0,124.84675083937432,completed,False,False,False,1,False,0,124.84675083937432,0.0,write,"{""addressing"": 7.541866286717195, ""encoding"": 7.154774880099249, ""molecular_write"": 97.82607169882967, ""write_verification"": 11.324037973728217, ""buffer"": 1.0}",124.84675083937432
1,WRITE,1051,0.0,4096,11,0.0,201.9934872006203,completed,False,False,False,1,False,0,201.9934872006203,0.0,write,"{""addressing"": 8.807869700790798, ""encoding"": 6.927353172873009, ""molecular_write"": 168.9380924439344, ""write_verification"": 16.320171883022077, ""buffer"": 1.0}",201.9934872006203
1,WRITE,1052,0.0,4096,12,0.0,132.54206858148993,completed,False,False,False,1,False,0,132.54206858148993,0.0,write,"{""addressing"": 9.511254086936525, ""encoding"": 4.429710719601212, ""molecular_write"": 103.31046426402415, ""write_verification"": 14.290639510928036, ""buffer"": 1.0}",132.54206858148993
1,WRITE,1053,0.0,4096,13,0.0,98.90651623506666,completed,False,False,False,1,False,0,98.90651623506666,0.0,write,"{""addressing"": 4.197307376750038, ""encoding"": 6.154600540434316, ""molecular_write"": 73.98231287865313, ""write_verification"": 13.572295439229178, ""buffer"": 1.0}",98.90651623506666
1,WRITE,1054,0.0,4096,14,0.0,122.97696698400497,completed,False,False,False,1,False,0,122.97696698400497,0.0,write,"{""addressing"": 8.263231728406154, ""encoding"": 7.288021210421157, ""molecular_write"": 90.07454390075031, ""write_verification"": 16.351170144427357, ""buffer"": 1.0}",122.97696698400497
1,WRITE,1055,0.0,4096,15,0.0,141.02422383151176,completed,False,False,False,1,False,0,141.02422383151176,0.0,write,"{""addressing"": 7.431218334022843, ""encoding"": 5.517332647728468, ""molecular_write"": 109.6092762811677, ""write_verification"": 17.466396568592746, ""buffer"": 1.0}",141.02422383151176
1,WRITE,1056,0.0,4096,0,0.0,174.3118980786439,completed,False,False,False,1,False,0,174.3118980786439,0.0,write,"{""addressing"": 6.161588310447096, ""encoding"": 2.971223798068621, ""molecular_write"": 149.42128106732386, ""write_verification"": 14.757804902804335, ""buffer"": 1.0}",174.3118980786439
1,WRITE,1057,0.0,4096,1,0.0,144.94496086472157,completed,False,False,False,1,False,0,144.94496086472157,0.0,write,"{""addressing"": 6.313172873141856, ""encoding"": 5.473311278464745, ""molecular_write"": 112.29626196923603, ""write_verification"": 19.86221474387893, ""buffer"": 1.0}",144.94496086472157
1,WRITE,1058,0.0,4096,2,0.0,112.44493443162892,completed,False,False,False,1,False,0,112.44493443162892,0.0,write,"{""addressing"": 7.784159393302228, ""encoding"": 6.784760615071198, ""molecular_write"": 83.94371584965803, ""write_verification"": 12.93229857359746, ""buffer"": 1.0}",112.44493443162892
1,WRITE,1059,0.0,4096,3,0.0,153.66396778339282,completed,False,False,False,1,False,0,153.66396778339282,0.0,write,"{""addressing"": 6.737316370025696, ""encoding"": 6.102093915726923, ""molecular_write"": 126.56117055462104, ""write_verification"": 13.26338694301917, ""buffer"": 1.0}",153.66396778339282
1,WRITE,1060,0.0,4096,4,0.0,195.29098861163848,completed,False,False,False,1,False,0,195.29098861163848,0.0,write,"{""addressing"": 6.915922493898462, ""encoding"": 5.730281590914431, ""molecular_write"": 166.09666766981695, ""write_verification"": 15.548116857008628, ""buffer"": 1.0}",195.29098861163848
1,WRITE,1061,0.0,4096,5,0.0,154.11164344420533,completed,False,False,False,1,False,0,154.11164344420533,0.0,write,"{""addressing"": 7.8122534922381615, ""encoding"": 6.338748864293399, ""molecular_write"": 125.32002752720457, ""write_verification"": 13.640613560469214, ""buffer"": 1.0}",154.11164344420533
1,WRITE,1062,0.0,4096,6,0.0,114.75183394753827,completed,False,False,False,1,False,0,114.75183394753827,0.0,write,"{""addressing"": 5.691781169199793, ""encoding"": 6.8365809731439136, ""molecular_write"": 85.1689734233023, ""write_verification"": 16.05449838189226, ""buffer"": 1.0}",114.75183394753827
1,WRITE,1063,0.0,4096,7,0.0,119.41925817401801,completed,False,False,False,1,False,0,119.41925817401801,0.0,write,"{""addressing"": 7.952973306070908, ""encoding"": 5.764734322068657, ""molecular_write"": 84.72513250446995, ""write_verification"": 19.976418041408486, ""buffer"": 1.0}",119.41925817401801
1,WRITE,1064,0.0,4096,8,0.0,149.22434426361758,completed,False,False,False,1,False,0,149.22434426361758,0.0,write,"{""addressing"": 7.165761032404876, ""encoding"": 6.790659812318342, ""molecular_write"": 117.00150106473698, ""write_verification"": 17.266422354157374, ""buffer"": 1.0}",149.22434426361758
1,WRITE,1065,0.0,4096,9,0.0,117.48619092698146,completed,False,False,False,1,False,0,117.48619092698146,0.0,write,"{""addressing"": 11.197767947673903, ""encoding"": 5.543491583397747, ""molecular_write"": 87.10901374153993, ""write_verification"": 12.635917654369898, ""buffer"": 1.0}",117.48619092698146
1,WRITE,1066,0.0,4096,10,0.0,122.9424159233167,completed,False,False,False,1,False,0,122.9424159233167,0.0,write,"{""addressing"": 6.2276857831676455, ""encoding"": 5.39391560361054, ""molecular_write"": 97.7059054407888, ""write_verification"": 12.614909095749727, ""buffer"": 1.0}",122.9424159233167
1,WRITE,1067,0.0,4096,11,0.0,175.6485592616329,completed,False,False,False,1,False,0,175.6485592616329,0.0,write,"{""addressing"": 7.142456613038747, ""encoding"": 6.476117014402348, ""molecular_write"": 145.83186940589746, ""write_verification"": 15.198116228294353, ""buffer"": 1.0}",175.6485592616329
1,WRITE,1068,0.0,4096,12,0.0,120.39538643385534,completed,False,False,False,1,False,0,120.39538643385534,0.0,write,"{""addressing"": 8.27694691812656, ""encoding"": 5.406574357792808, ""molecular_write"": 94.7483164348867, ""write_verification"": 10.963548723049273, ""buffer"": 1.0}",120.39538643385534
1,WRITE,1069,0.0,4096,13,0.0,236.68056861590645,completed,False,False,False,1,False,0,236.68056861590645,0.0,write,"{""addressing"": 7.08044645764403, ""encoding"": 6.310256770982651, ""molecular_write"": 208.08090306079484, ""write_verification"": 14.20896232648493, ""buffer"": 1.0}",236.68056861590645
1,WRITE,1070,0.0,4096,14,0.0,126.46765587731483,completed,False,False,False,1,False,0,126.46765587731483,0.0,write,"{""addressing"": 9.137134732670493, ""encoding"": 6.447184886401828, ""molecular_write"": 93.48851289112942, ""write_verification"": 16.394823367113094, ""buffer"": 1.0}",126.46765587731483
1,WRITE,1071,0.0,4096,15,0.0,184.71111146280433,completed,False,False,False,1,False,0,184.71111146280433,0.0,write,"{""addressing"": 6.233778105910829, ""encoding"": 6.187771061299376, ""molecular_write"": 158.22121797015637, ""write_verification"": 13.068344325437753, ""buffer"": 1.0}",184.71111146280433
1,WRITE,1072,0.0,4096,0,0.0,247.8037942107374,completed,False,False,False,1,False,0,247.8037942107374,0.0,write,"{""addressing"": 8.699009733845402, ""encoding"": 5.062759764913448, ""molecular_write"": 213.95738604487934, ""write_verification"": 19.084638667099238, ""buffer"": 1.0}",247.8037942107374
1,WRITE,1073,0.0,4096,1,0.0,114.48584609859734,completed,False,False,False,1,False,0,114.48584609859734,0.0,write,"{""addressing"": 7.725410111325964, ""encoding"": 4.456517662564256, ""molecular_write"": 82.89226439465739, ""write_verification"": 18.411653930049717, ""buffer"": 1.0}",114.48584609859734
1,WRITE,1074,0.0,4096,2,0.0,166.46230172397577,completed,False,False,False,1,False,0,166.46230172397577,0.0,write,"{""addressing"": 7.648890400295101, ""encoding"": 6.485668016108601, ""molecular_write"": 135.9186375473327, ""write_verification"": 15.409105760239344, ""buffer"": 1.0}",166.46230172397577
1,WRITE,1075,0.0,4096,3,0.0,161.2002401267787,completed,False,False,False,1,False,0,161.2002401267787,0.0,write,"{""addressing"": 8.117969272017104, ""encoding"": 6.169720351381294, ""molecular_write"": 133.13614360787815, ""write_verification"": 12.77640689550215, ""buffer"": 1.0}",161.2002401267787
1,WRITE,1076,0.0,4096,4,0.0,148.24170037355285,completed,False,False,False,1,False,0,148.24170037355285,0.0,write,"{""addressing"": 10.160493188120228, ""encoding"": 5.3135281505035685, ""molecular_write"": 114.16471507912473, ""write_verification"": 17.602963955804302, ""buffer"": 1.0}",148.24170037355285
1,WRITE,1077,0.0,4096,5,0.0,103.2696883748708,completed,False,False,False,1,False,0,103.2696883748708,0.0,write,"{""addressing"": 7.555197148552795, ""encoding"": 7.176808087563127, ""molecular_write"": 71.68842272392057, ""write_verification"": 15.8492604148343, ""buffer"": 1.0}",103.2696883748708
1,WRITE,1078,0.0,4096,6,0.0,111.83161692639563,completed,False,False,False,1,False,0,111.83161692639563,0.0,write,"{""addressing"": 6.7413383034577885, ""encoding"": 6.460544297008144, ""molecular_write"": 83.52817784395431, ""write_verification"": 14.101556481975383, ""buffer"": 1.0}",111.83161692639563
1,WRITE,1079,0.0,4096,7,0.0,132.3098573170518,completed,False,False,False,1,False,0,132.3098573170518,0.0,write,"{""addressing"": 8.260523497606567, ""encoding"": 6.741748006618541, ""molecular_write"": 97.68622049756468, ""write_verification"": 18.621365315262018, ""buffer"": 1.0}",132.3098573170518
1,WRITE,1080,0.0,4096,8,0.0,131.7117748792122,completed,False,False,False,1,False,0,131.7117748792122,0.0,write,"{""addressing"": 7.838295343218421, ""encoding"": 6.170240418398826, ""molecular_write"": 106.23469747125867, ""write_verification"": 10.468541646336266, ""buffer"": 1.0}",131.7117748792122
1,WRITE,1081,0.0,4096,9,0.0,131.92281014885418,completed,False,False,False,1,False,0,131.92281014885418,0.0,write,"{""addressing"": 9.678916348917902, ""encoding"": 6.629432892433639, ""molecular_write"": 102.90907380205583, ""write_verification"": 11.705387105446809, ""buffer"": 1.0}",131.92281014885418
1,WRITE,1082,0.0,4096,10,0.0,188.2350978749398,completed,False,False,False,1,False,0,188.2350978749398,0.0,write,"{""addressing"": 11.446313237928187, ""encoding"": 5.6094634182571435, ""molecular_write"": 156.24641364362373, ""write_verification"": 13.932907575130738, ""buffer"": 1.0}",188.2350978749398
1,WRITE,1083,0.0,4096,11,0.0,209.14027288033483,completed,False,False,False,1,False,0,209.14027288033483,0.0,write,"{""addressing"": 8.281175053282045, ""encoding"": 5.858551640967332, ""molecular_write"": 182.24758113723618, ""write_verification"": 11.752965048849285, ""buffer"": 1.0}",209.14027288033483
1,WRITE,1084,0.0,4096,12,0.0,128.30183842898845,completed,False,False,False,1,False,0,128.30183842898845,0.0,write,"{""addressing"": 9.138040067897553, ""encoding"": 5.121752568504743, ""molecular_write"": 98.94474551671979, ""write_verification"": 14.097300275866361, ""buffer"": 1.0}",128.30183842898845
1,WRITE,1085,0.0,4096,13,0.0,256.17440877971603,completed,False,False,False,1,False,0,256.17440877971603,0.0,write,"{""addressing"": 8.831006076632935, ""encoding"": 6.74151865787535, ""molecular_write"": 224.9481427182678, ""write_verification"": 14.653741326939974, ""buffer"": 1.0}",256.17440877971603
1,WRITE,1086,0.0,4096,14,0.0,189.27680899226277,completed,False,False,False,1,False,0,189.27680899226277,0.0,write,"{""addressing"": 9.421192992551735, ""encoding"": 6.326153600965535, ""molecular_write"": 158.7444684363365, ""write_verification"": 13.78499396240899, ""buffer"": 1.0}",189.27680899226277
1,WRITE,1087,0.0,4096,15,0.0,171.11197706778754,completed,False,False,False,1,False,0,171.11197706778754,0.0,write,"{""addressing"": 8.562302097732596, ""encoding"": 7.274951769643907, ""molecular_write"": 139.60494101431726, ""write_verification"": 14.669782186093792, ""buffer"": 1.0}",171.11197706778754
1,WRITE,1088,0.0,4096,0,0.0,98.86180888100841,completed,False,False,False,1,False,0,98.86180888100841,0.0,write,"{""addressing"": 7.525675275876053, ""encoding"": 6.1544817421458005, ""molecular_write"": 70.48547864154244, ""write_verification"": 13.696173221444116, ""buffer"": 1.0}",98.86180888100841
1,WRITE,1089,0.0,4096,1,0.0,117.65085807996701,completed,False,False,False,1,False,0,117.65085807996701,0.0,write,"{""addressing"": 7.298209834029227, ""encoding"": 4.94031040587193, ""molecular_write"": 88.49244832925707, ""write_verification"": 15.919889510808789, ""buffer"": 1.0}",117.65085807996701
1,WRITE,1090,0.0,4096,2,0.0,107.97539571290585,completed,False,False,False,1,False,0,107.97539571290585,0.0,write,"{""addressing"": 10.309812462529583, ""encoding"": 4.660648199576142, ""molecular_write"": 70.93618899814919, ""write_verification"": 21.068746052650937, ""buffer"": 1.0}",107.97539571290585
1,WRITE,1091,0.0,4096,3,0.0,206.06041776278994,completed,False,False,False,1,False,0,206.06041776278994,0.0,write,"{""addressing"": 10.124748999312827, ""encoding"": 5.1131222090108865, ""molecular_write"": 176.99973878725666, ""write_verification"": 12.822807767209557, ""buffer"": 1.0}",206.06041776278994
1,WRITE,1092,0.0,4096,4,0.0,195.02697344063426,completed,False,False,False,1,False,0,195.02697344063426,0.0,write,"{""addressing"": 8.805235433569027, ""encoding"": 5.777400144473392, ""molecular_write"": 163.55695927928005, ""write_verification"": 15.887378583311815, ""buffer"": 1.0}",195.02697344063426
1,WRITE,1093,0.0,4096,5,0.0,199.71948945308438,completed,False,False,False,1,False,0,199.71948945308438,0.0,write,"{""addressing"": 7.257800244486508, ""encoding"": 6.777596727453864, ""molecular_write"": 167.5457057122357, ""write_verification"": 17.138386768908312, ""buffer"": 1.0}",199.71948945308438
1,WRITE,1094,0.0,4096,6,0.0,98.21392828858096,completed,False,False,False,1,False,0,98.21392828858096,0.0,write,"{""addressing"": 5.062268167332046, ""encoding"": 5.29705484861237, ""molecular_write"": 74.19027883166443, ""write_verification"": 12.664326440972124, ""buffer"": 1.0}",98.21392828858096
1,WRITE,1095,0.0,4096,7,0.0,123.46606882863846,completed,False,False,False,1,False,0,123.46606882863846,0.0,write,"{""addressing"": 9.805639208946102, ""encoding"": 8.091290691685352, ""molecular_write"": 90.0937509665987, ""write_verification"": 14.475387961408288, ""buffer"": 1.0}",123.46606882863846
1,WRITE,1096,0.0,4096,8,0.0,148.64039264608533,completed,False,False,False,1,False,0,148.64039264608533,0.0,write,"{""addressing"": 6.0379211887805555, ""encoding"": 4.83277189708371, ""molecular_write"": 126.85847794265774, ""write_verification"": 9.911221617563303, ""buffer"": 1.0}",148.64039264608533
1,WRITE,1097,0.0,4096,9,0.0,170.49196478899177,completed,False,False,False,1,False,0,170.49196478899177,0.0,write,"{""addressing"": 8.960695832756235, ""encoding"": 4.744543165967576, ""molecular_write"": 140.92575116971932, ""write_verification"": 14.860974620548625, ""buffer"": 1.0}",170.49196478899177
1,WRITE,1098,0.0,4096,10,0.0,129.69728680640148,completed,False,False,False,1,False,0,129.69728680640148,0.0,write,"{""addressing"": 7.41138295183273, ""encoding"": 5.101058123640281, ""molecular_write"": 106.64086430448293, ""write_verification"": 9.543981426445546, ""buffer"": 1.0}",129.69728680640148
1,WRITE,1099,0.0,4096,11,0.0,206.47042509902104,completed,False,False,False,1,False,0,206.47042509902104,0.0,write,"{""addressing"": 7.752987859240334, ""encoding"": 7.277041116094558, ""molecular_write"": 175.12470447599028, ""write_verification"": 15.315691647695866, ""buffer"": 1.0}",206.47042509902104
1,WRITE,1100,0.0,4096,12,0.0,175.8100307066444,completed,False,False,False,1,False,0,175.8100307066444,0.0,write,"{""addressing"": 7.78981556132747, ""encoding"": 6.204275191394919, ""molecular_write"": 146.18301088558138, ""write_verification"": 14.63292906834062, ""buffer"": 1.0}",175.8100307066444
1,WRITE,1101,0.0,4096,13,0.0,174.388674956118,completed,False,False,False,1,False,0,174.388674956118,0.0,write,"{""addressing"": 9.964589004912074, ""encoding"": 4.819066950507805, ""molecular_write"": 147.7765075096897, ""write_verification"": 10.828511491008413, ""buffer"": 1.0}",174.388674956118
1,WRITE,1102,0.0,4096,14,0.0,173.96531482151022,completed,False,False,False,1,False,0,173.96531482151022,0.0,write,"{""addressing"": 9.196807418814563, ""encoding"": 6.022072411776389, ""molecular_write"": 138.7188126682889, ""write_verification"": 19.027622322630336, ""buffer"": 1.0}",173.96531482151022
1,WRITE,1103,0.0,4096,15,0.0,178.59963808355485,completed,False,False,False,1,False,0,178.59963808355485,0.0,write,"{""addressing"": 10.844069670983881, ""encoding"": 7.039576177344193, ""molecular_write"": 144.55549027543086, ""write_verification"": 15.160501959795912, ""buffer"": 1.0}",178.59963808355485
1,WRITE,1104,0.0,4096,0,0.0,131.97085322036023,completed,False,False,False,1,False,0,131.97085322036023,0.0,write,"{""addressing"": 6.247505507283913, ""encoding"": 6.536237045576373, ""molecular_write"": 99.46697177328541, ""write_verification"": 18.72013889421452, ""buffer"": 1.0}",131.97085322036023
1,WRITE,1105,0.0,4096,1,0.0,209.8207287819433,completed,False,False,False,1,False,0,209.8207287819433,0.0,write,"{""addressing"": 8.679339902896816, ""encoding"": 5.740027218298009, ""molecular_write"": 183.89823877957434, ""write_verification"": 10.503122881174138, ""buffer"": 1.0}",209.8207287819433
1,WRITE,1106,0.0,4096,2,0.0,161.3040353947621,completed,False,False,False,1,False,0,161.3040353947621,0.0,write,"{""addressing"": 6.182378325840382, ""encoding"": 6.786680330537948, ""molecular_write"": 133.4413267709965, ""write_verification"": 13.89364996738727, ""buffer"": 1.0}",161.3040353947621
1,WRITE,1107,0.0,4096,3,0.0,170.25767402958397,completed,False,False,False,1,False,0,170.25767402958397,0.0,write,"{""addressing"": 11.259428809200369, ""encoding"": 5.7338935644154, ""molecular_write"": 135.66177855867136, ""write_verification"": 16.60257309729685, ""buffer"": 1.0}",170.25767402958397
1,WRITE,1108,0.0,4096,4,0.0,141.26800599482596,completed,False,False,False,1,False,0,141.26800599482596,0.0,write,"{""addressing"": 6.161922449110999, ""encoding"": 5.089324186287765, ""molecular_write"": 109.04467597403466, ""write_verification"": 19.972083385392512, ""buffer"": 1.0}",141.26800599482596
1,WRITE,1109,0.0,4096,5,0.0,193.78525001542403,completed,False,False,False,1,False,0,193.78525001542403,0.0,write,"{""addressing"": 8.33876290879752, ""encoding"": 4.2474141899840285, ""molecular_write"": 164.31497242995715, ""write_verification"": 15.884100486685332, ""buffer"": 1.0}",193.78525001542403
1,WRITE,1110,0.0,4096,6,0.0,217.6190220213969,completed,False,False,False,1,False,0,217.6190220213969,0.0,write,"{""addressing"": 6.714955814311166, ""encoding"": 5.226937705784644, ""molecular_write"": 188.17716698245744, ""write_verification"": 16.499961518843634, ""buffer"": 1.0}",217.6190220213969
1,WRITE,1111,0.0,4096,7,0.0,143.6391703037242,completed,False,False,False,1,False,0,143.6391703037242,0.0,write,"{""addressing"": 9.939691670635662, ""encoding"": 6.212388313755989, ""molecular_write"": 114.68796638208646, ""write_verification"": 11.799123937246108, ""buffer"": 1.0}",143.6391703037242
1,WRITE,1112,0.0,4096,8,0.0,166.68864573867268,completed,False,False,False,1,False,0,166.68864573867268,0.0,write,"{""addressing"": 10.1652054199177, ""encoding"": 3.9890836729684933, ""molecular_write"": 137.4666257205295, ""write_verification"": 14.06773092525701, ""buffer"": 1.0}",166.68864573867268
1,WRITE,1113,0.0,4096,9,0.0,186.24116501011915,completed,False,False,False,1,False,0,186.24116501011915,0.0,write,"{""addressing"": 9.073573702497455, ""encoding"": 6.504372924346209, ""molecular_write"": 153.59898700993827, ""write_verification"": 16.064231373337215, ""buffer"": 1.0}",186.24116501011915
1,WRITE,1114,0.0,4096,10,0.0,173.46137118381762,completed,False,False,False,1,False,0,173.46137118381762,0.0,write,"{""addressing"": 8.501462377944408, ""encoding"": 6.20744344657686, ""molecular_write"": 142.65466731079462, ""write_verification"": 15.097798048501726, ""buffer"": 1.0}",173.46137118381762
1,WRITE,1115,0.0,4096,11,0.0,160.38773303326596,completed,False,False,False,1,False,0,160.38773303326596,0.0,write,"{""addressing"": 9.190647421662621, ""encoding"": 4.799119620763115, ""molecular_write"": 125.0265962747966, ""write_verification"": 20.371369716043638, ""buffer"": 1.0}",160.38773303326596
1,WRITE,1116,0.0,4096,12,0.0,103.208363583183,completed,False,False,False,1,False,0,103.208363583183,0.0,write,"{""addressing"": 6.5414704878869845, ""encoding"": 6.299206640466316, ""molecular_write"": 78.32331814993796, ""write_verification"": 11.044368304891726, ""buffer"": 1.0}",103.208363583183
1,WRITE,1117,0.0,4096,13,0.0,121.22302313560286,completed,False,False,False,1,False,0,121.22302313560286,0.0,write,"{""addressing"": 5.971876993938646, ""encoding"": 5.695688998303742, ""molecular_write"": 95.2649738832838, ""write_verification"": 13.290483260076677, ""buffer"": 1.0}",121.22302313560286
1,WRITE,1118,0.0,4096,14,0.0,129.73803558670258,completed,False,False,False,1,False,0,129.73803558670258,0.0,write,"{""addressing"": 6.630472159827577, ""encoding"": 4.852319117374829, ""molecular_write"": 101.60831774487036, ""write_verification"": 15.646926564629807, ""buffer"": 1.0}",129.73803558670258
1,WRITE,1119,0.0,4096,15,0.0,168.26613097718553,completed,False,False,False,1,False,0,168.26613097718553,0.0,write,"{""addressing"": 6.435603616875197, ""encoding"": 5.8040188904919265, ""molecular_write"": 134.58035017437436, ""write_verification"": 20.44615829544402, ""buffer"": 1.0}",168.26613097718553
1,WRITE,1120,0.0,4096,0,0.0,120.83626451508611,completed,False,False,False,1,False,0,120.83626451508611,0.0,write,"{""addressing"": 7.464730595093902, ""encoding"": 5.452917633830751, ""molecular_write"": 91.19686999868782, ""write_verification"": 15.721746287473655, ""buffer"": 1.0}",120.83626451508611
1,WRITE,1121,0.0,4096,1,0.0,176.6024477134079,completed,False,False,False,1,False,0,176.6024477134079,0.0,write,"{""addressing"": 8.15369329889976, ""encoding"": 5.641127094474423, ""molecular_write"": 146.70566554700648, ""write_verification"": 15.101961773027261, ""buffer"": 1.0}",176.6024477134079
1,WRITE,1122,0.0,4096,2,0.0,262.19159379213653,completed,False,False,False,1,False,0,262.19159379213653,0.0,write,"{""addressing"": 9.280339264558087, ""encoding"": 5.254120256816105, ""molecular_write"": 229.82435354084245, ""write_verification"": 16.832780729919854, ""buffer"": 1.0}",262.19159379213653
1,WRITE,1123,0.0,4096,3,0.0,164.68517731259342,completed,False,False,False,1,False,0,164.68517731259342,0.0,write,"{""addressing"": 9.18141511063892, ""encoding"": 6.266259317287943, ""molecular_write"": 135.27438779589227, ""write_verification"": 12.963115088774286, ""buffer"": 1.0}",164.68517731259342
1,WRITE,1124,0.0,4096,4,0.0,263.3555652974135,completed,False,False,False,1,False,0,263.3555652974135,0.0,write,"{""addressing"": 5.731538280394222, ""encoding"": 4.513744426132396, ""molecular_write"": 233.90404323543189, ""write_verification"": 18.206239355455, ""buffer"": 1.0}",263.3555652974135
1,WRITE,1125,0.0,4096,5,0.0,146.3282914479446,completed,False,False,False,1,False,0,146.3282914479446,0.0,write,"{""addressing"": 8.521229356952219, ""encoding"": 6.685970406970758, ""molecular_write"": 114.50211049697586, ""write_verification"": 15.618981187045762, ""buffer"": 1.0}",146.3282914479446
1,WRITE,1126,0.0,4096,6,0.0,151.29216920779692,completed,False,False,False,1,False,0,151.29216920779692,0.0,write,"{""addressing"": 8.239281552003252, ""encoding"": 4.605483152213358, ""molecular_write"": 127.6685446271403, ""write_verification"": 9.77885987644002, ""buffer"": 1.0}",151.29216920779692
1,WRITE,1127,0.0,4096,7,0.0,141.70851784802744,completed,False,False,False,1,False,0,141.70851784802744,0.0,write,"{""addressing"": 5.882937658268513, ""encoding"": 4.832685172706964, ""molecular_write"": 118.83485806998152, ""write_verification"": 11.158036947070443, ""buffer"": 1.0}",141.70851784802744
1,WRITE,1128,0.0,4096,8,0.0,152.50548578124238,completed,False,False,False,1,False,0,152.50548578124238,0.0,write,"{""addressing"": 9.729669562649285, ""encoding"": 7.91568173760446, ""molecular_write"": 120.08634187882112, ""write_verification"": 13.773792602167525, ""buffer"": 1.0}",152.50548578124238
1,WRITE,1129,0.0,4096,9,0.0,243.9167369884507,completed,False,False,False,1,False,0,243.9167369884507,0.0,write,"{""addressing"": 8.78212273282497, ""encoding"": 3.9570838071783667, ""molecular_write"": 213.1776208418876, ""write_verification"": 16.999909606559772, ""buffer"": 1.0}",243.9167369884507
1,WRITE,1130,0.0,4096,10,0.0,161.535856284372,completed,False,False,False,1,False,0,161.535856284372,0.0,write,"{""addressing"": 6.941464364394422, ""encoding"": 6.557660216235476, ""molecular_write"": 130.88746424787553, ""write_verification"": 16.149267455866557, ""buffer"": 1.0}",161.535856284372
1,WRITE,1131,0.0,4096,11,0.0,274.6181425315805,completed,False,False,False,1,False,0,274.6181425315805,0.0,write,"{""addressing"": 6.820493950129288, ""encoding"": 9.4803382529311, ""molecular_write"": 240.51426138804314, ""write_verification"": 16.803048940476998, ""buffer"": 1.0}",274.6181425315805
1,WRITE,1132,0.0,4096,12,0.0,122.08535683120124,completed,False,False,False,1,False,0,122.08535683120124,0.0,write,"{""addressing"": 9.450805002025382, ""encoding"": 6.647204338888783, ""molecular_write"": 92.14907462991772, ""write_verification"": 12.83827286036935, ""buffer"": 1.0}",122.08535683120124
1,WRITE,1133,0.0,4096,13,0.0,205.4082283673166,completed,False,False,False,1,False,0,205.4082283673166,0.0,write,"{""addressing"": 7.1358005724009965, ""encoding"": 5.973928950518677, ""molecular_write"": 175.14858671515705, ""write_verification"": 16.14991212923987, ""buffer"": 1.0}",205.4082283673166
1,WRITE,1134,0.0,4096,14,0.0,137.24815970074093,completed,False,False,False,1,False,0,137.24815970074093,0.0,write,"{""addressing"": 7.111910584634062, ""encoding"": 5.823139040288979, ""molecular_write"": 113.69605400886275, ""write_verification"": 9.617056066955136, ""buffer"": 1.0}",137.24815970074093
1,WRITE,1135,0.0,4096,15,0.0,154.25574210925637,completed,False,False,False,1,False,0,154.25574210925637,0.0,write,"{""addressing"": 9.502781057006137, ""encoding"": 7.54301877385692, ""molecular_write"": 123.16441385134793, ""write_verification"": 13.045528427045383, ""buffer"": 1.0}",154.25574210925637
1,WRITE,1136,0.0,4096,0,0.0,176.02045586625886,completed,False,False,False,1,False,0,176.02045586625886,0.0,write,"{""addressing"": 6.741678236497415, ""encoding"": 6.854214516448214, ""molecular_write"": 152.40304598364543, ""write_verification"": 9.021517129667803, ""buffer"": 1.0}",176.02045586625886
1,WRITE,1137,0.0,4096,1,0.0,113.21860563747278,completed,False,False,False,1,False,0,113.21860563747278,0.0,write,"{""addressing"": 8.922193998136663, ""encoding"": 6.473999049236053, ""molecular_write"": 83.23609153154551, ""write_verification"": 13.586321058554546, ""buffer"": 1.0}",113.21860563747278
1,WRITE,1138,0.0,4096,2,0.0,176.84732239467402,completed,False,False,False,1,False,0,176.84732239467402,0.0,write,"{""addressing"": 9.282186730300477, ""encoding"": 5.358811762497859, ""molecular_write"": 144.2535286373001, ""write_verification"": 16.952795264575595, ""buffer"": 1.0}",176.84732239467402
1,WRITE,1139,0.0,4096,3,0.0,218.51727555681657,completed,False,False,False,1,False,0,218.51727555681657,0.0,write,"{""addressing"": 7.631365665433204, ""encoding"": 5.720030589147588, ""molecular_write"": 187.33547630984427, ""write_verification"": 16.8304029923915, ""buffer"": 1.0}",218.51727555681657
1,WRITE,1140,0.0,4096,4,0.0,183.06588406569887,completed,False,False,False,1,False,0,183.06588406569887,0.0,write,"{""addressing"": 6.830213137450847, ""encoding"": 7.305878543254757, ""molecular_write"": 150.0175695972157, ""write_verification"": 17.91222278777758, ""buffer"": 1.0}",183.06588406569887
1,WRITE,1141,0.0,4096,5,0.0,204.74218122111597,completed,False,False,False,1,False,0,204.74218122111597,0.0,write,"{""addressing"": 8.146728832043285, ""encoding"": 7.793035674650802, ""molecular_write"": 169.8950952749357, ""write_verification"": 17.907321439486193, ""buffer"": 1.0}",204.74218122111597
1,WRITE,1142,0.0,4096,6,0.0,198.03209409690496,completed,False,False,False,1,False,0,198.03209409690496,0.0,write,"{""addressing"": 11.096579714525731, ""encoding"": 8.085539411622406, ""molecular_write"": 165.95436942639523, ""write_verification"": 11.895605544361583, ""buffer"": 1.0}",198.03209409690496
1,WRITE,1143,0.0,4096,7,0.0,154.3311074721889,completed,False,False,False,1,False,0,154.3311074721889,0.0,write,"{""addressing"": 9.078252540195432, ""encoding"": 6.2645846775393945, ""molecular_write"": 123.61602956813985, ""write_verification"": 14.37224068631422, ""buffer"": 1.0}",154.3311074721889
1,WRITE,1144,0.0,4096,8,0.0,250.35217844446558,completed,False,False,False,1,False,0,250.35217844446558,0.0,write,"{""addressing"": 10.371361543892633, ""encoding"": 4.451722424615995, ""molecular_write"": 223.63413500151862, ""write_verification"": 10.894959474438345, ""buffer"": 1.0}",250.35217844446558
1,WRITE,1145,0.0,4096,9,0.0,131.33382219310184,completed,False,False,False,1,False,0,131.33382219310184,0.0,write,"{""addressing"": 8.687198392620342, ""encoding"": 7.722034004939378, ""molecular_write"": 97.6970945255032, ""write_verification"": 16.227495270038922, ""buffer"": 1.0}",131.33382219310184
1,WRITE,1146,0.0,4096,10,0.0,144.65613773106267,completed,False,False,False,1,False,0,144.65613773106267,0.0,write,"{""addressing"": 8.109204423408407, ""encoding"": 4.843042598704722, ""molecular_write"": 111.6297950504447, ""write_verification"": 19.074095658504856, ""buffer"": 1.0}",144.65613773106267
1,WRITE,1147,0.0,4096,11,0.0,129.0834840106006,completed,False,False,False,1,False,0,129.0834840106006,0.0,write,"{""addressing"": 10.815572666318086, ""encoding"": 7.476904922141755, ""molecular_write"": 96.47362058185682, ""write_verification"": 13.317385840283958, ""buffer"": 1.0}",129.0834840106006
1,WRITE,1148,0.0,4096,12,0.0,105.3227686897111,completed,False,False,False,1,False,0,105.3227686897111,0.0,write,"{""addressing"": 9.969893363174084, ""encoding"": 6.5370796032901115, ""molecular_write"": 72.01187574339224, ""write_verification"": 15.803919979854664, ""buffer"": 1.0}",105.3227686897111
1,WRITE,1149,0.0,4096,13,0.0,146.74545070677112,completed,False,False,False,1,False,0,146.74545070677112,0.0,write,"{""addressing"": 4.504578730564104, ""encoding"": 5.870193663815141, ""molecular_write"": 118.72779805268196, ""write_verification"": 16.642880259709916, ""buffer"": 1.0}",146.74545070677112
1,WRITE,1150,0.0,4096,14,0.0,205.0912350157563,completed,False,False,False,1,False,0,205.0912350157563,0.0,write,"{""addressing"": 10.214573718759635, ""encoding"": 5.297235228991095, ""molecular_write"": 174.48091565879585, ""write_verification"": 14.098510409209714, ""buffer"": 1.0}",205.0912350157563
1,WRITE,1151,0.0,4096,15,0.0,135.7499124262215,completed,False,False,False,1,False,0,135.7499124262215,0.0,write,"{""addressing"": 7.126302634714162, ""encoding"": 5.9769246388912665, ""molecular_write"": 114.95622183183225, ""write_verification"": 6.690463320783811, ""buffer"": 1.0}",135.7499124262215
1,WRITE,1152,0.0,4096,0,0.0,186.1335295828991,completed,False,False,False,1,False,0,186.1335295828991,0.0,write,"{""addressing"": 11.522894124443317, ""encoding"": 5.478207577037406, ""molecular_write"": 154.50375048131946, ""write_verification"": 13.62867740009891, ""buffer"": 1.0}",186.1335295828991
1,WRITE,1153,0.0,4096,1,0.0,126.05157196561342,completed,False,False,False,1,False,0,126.05157196561342,0.0,write,"{""addressing"": 7.928557635122729, ""encoding"": 5.9552275476470635, ""molecular_write"": 93.53156540116122, ""write_verification"": 17.636221381682414, ""buffer"": 1.0}",126.05157196561342
1,WRITE,1154,0.0,4096,2,0.0,136.97359826904903,completed,False,False,False,1,False,0,136.97359826904903,0.0,write,"{""addressing"": 10.923177143940574, ""encoding"": 5.5462504386715175, ""molecular_write"": 106.03624586181449, ""write_verification"": 13.467924824622449, ""buffer"": 1.0}",136.97359826904903
1,WRITE,1155,0.0,4096,3,0.0,123.96992049486599,completed,False,False,False,1,False,0,123.96992049486599,0.0,write,"{""addressing"": 8.110554087661157, ""encoding"": 4.885628673120545, ""molecular_write"": 93.06642138418862, ""write_verification"": 16.90731634989567, ""buffer"": 1.0}",123.96992049486599
1,WRITE,1156,0.0,4096,4,0.0,110.24321140554598,completed,False,False,False,1,False,0,110.24321140554598,0.0,write,"{""addressing"": 11.445799645235557, ""encoding"": 6.516262794261788, ""molecular_write"": 72.75658323728184, ""write_verification"": 18.524565728766788, ""buffer"": 1.0}",110.24321140554598
1,WRITE,1157,0.0,4096,5,0.0,106.28440485351352,completed,False,False,False,1,False,0,106.28440485351352,0.0,write,"{""addressing"": 9.690327732020286, ""encoding"": 5.331773868206833, ""molecular_write"": 78.04723816400436, ""write_verification"": 12.215065089282046, ""buffer"": 1.0}",106.28440485351352
1,WRITE,1158,0.0,4096,6,0.0,131.84333989578002,completed,False,False,False,1,False,0,131.84333989578002,0.0,write,"{""addressing"": 7.373077003358284, ""encoding"": 6.440990869184808, ""molecular_write"": 98.96946281090078, ""write_verification"": 18.059809212336145, ""buffer"": 1.0}",131.84333989578002
1,WRITE,1159,0.0,4096,7,0.0,211.43907486890043,completed,False,False,False,1,False,0,211.43907486890043,0.0,write,"{""addressing"": 7.016457303872222, ""encoding"": 4.6750045680291485, ""molecular_write"": 187.12072030988298, ""write_verification"": 11.626892687116088, ""buffer"": 1.0}",211.43907486890043
1,WRITE,1160,0.0,4096,8,0.0,207.6095073706877,completed,False,False,False,1,False,0,207.6095073706877,0.0,write,"{""addressing"": 8.848607611556547, ""encoding"": 6.130078765944547, ""molecular_write"": 181.06347665125259, ""write_verification"": 10.567344341934032, ""buffer"": 1.0}",207.6095073706877
1,WRITE,1161,0.0,4096,9,0.0,189.4855601026146,completed,False,False,False,1,False,0,189.4855601026146,0.0,write,"{""addressing"": 8.197682408959981, ""encoding"": 6.55566104316012, ""molecular_write"": 153.8202705881271, ""write_verification"": 19.911946062367406, ""buffer"": 1.0}",189.4855601026146
1,WRITE,1162,0.0,4096,10,0.0,180.3623171304388,completed,False,False,False,1,False,0,180.3623171304388,0.0,write,"{""addressing"": 8.864187673733198, ""encoding"": 6.951574235298487, ""molecular_write"": 149.9627940439855, ""write_verification"": 13.583761177421625, ""buffer"": 1.0}",180.3623171304388
1,WRITE,1163,0.0,4096,11,0.0,155.11692971949842,completed,False,False,False,1,False,0,155.11692971949842,0.0,write,"{""addressing"": 8.554227308260934, ""encoding"": 6.601631785039873, ""molecular_write"": 116.68736722813273, ""write_verification"": 22.273703398064868, ""buffer"": 1.0}",155.11692971949842
1,WRITE,1164,0.0,4096,12,0.0,197.9446135677007,completed,False,False,False,1,False,0,197.9446135677007,0.0,write,"{""addressing"": 9.124413395975346, ""encoding"": 3.9546971009934184, ""molecular_write"": 168.17351127775396, ""write_verification"": 15.69199179297799, ""buffer"": 1.0}",197.9446135677007
1,WRITE,1165,0.0,4096,13,0.0,211.6865583163024,completed,False,False,False,1,False,0,211.6865583163024,0.0,write,"{""addressing"": 8.025983601128045, ""encoding"": 3.767478075417551, ""molecular_write"": 180.80929360458757, ""write_verification"": 18.083803035169243, ""buffer"": 1.0}",211.6865583163024
1,WRITE,1166,0.0,4096,14,0.0,148.7361762784765,completed,False,False,False,1,False,0,148.7361762784765,0.0,write,"{""addressing"": 6.913681711739273, ""encoding"": 6.933968873009236, ""molecular_write"": 120.67896433137183, ""write_verification"": 13.209561362356173, ""buffer"": 1.0}",148.7361762784765
1,WRITE,1167,0.0,4096,15,0.0,161.03878222119107,completed,False,False,False,1,False,0,161.03878222119107,0.0,write,"{""addressing"": 8.742734508026553, ""encoding"": 3.820407007313658, ""molecular_write"": 131.01493626769755, ""write_verification"": 16.4607044381533, ""buffer"": 1.0}",161.03878222119107
1,WRITE,1168,0.0,4096,0,0.0,271.7330354502086,completed,False,False,False,1,False,0,271.7330354502086,0.0,write,"{""addressing"": 8.004770965345124, ""encoding"": 4.511607914386907, ""molecular_write"": 240.65297319408992, ""write_verification"": 17.563683376386667, ""buffer"": 1.0}",271.7330354502086
1,WRITE,1169,0.0,4096,1,0.0,156.02868202883943,completed,False,False,False,1,False,0,156.02868202883943,0.0,write,"{""addressing"": 7.272408778060029, ""encoding"": 5.088349868374393, ""molecular_write"": 127.38453828802686, ""write_verification"": 15.283385094378138, ""buffer"": 1.0}",156.02868202883943
1,WRITE,1170,0.0,4096,2,0.0,140.4177737872913,completed,False,False,False,1,False,0,140.4177737872913,0.0,write,"{""addressing"": 7.770692036277455, ""encoding"": 6.918412814649536, ""molecular_write"": 104.46234589689462, ""write_verification"": 20.266323039469682, ""buffer"": 1.0}",140.4177737872913
1,WRITE,1171,0.0,4096,3,0.0,132.3903720958907,completed,False,False,False,1,False,0,132.3903720958907,0.0,write,"{""addressing"": 7.554770777297586, ""encoding"": 5.504617595938144, ""molecular_write"": 104.1282360992432, ""write_verification"": 14.202747623411769, ""buffer"": 1.0}",132.3903720958907
1,WRITE,1172,0.0,4096,4,0.0,205.4800218616727,completed,False,False,False,1,False,0,205.4800218616727,0.0,write,"{""addressing"": 8.905511513697313, ""encoding"": 6.877523502008557, ""molecular_write"": 174.38033479125846, ""write_verification"": 14.316652054708351, ""buffer"": 1.0}",205.4800218616727
1,WRITE,1173,0.0,4096,5,0.0,240.59089889796925,completed,False,False,False,1,False,0,240.59089889796925,0.0,write,"{""addressing"": 11.101348982150537, ""encoding"": 6.218284401274307, ""molecular_write"": 207.5265340492226, ""write_verification"": 14.74473146532182, ""buffer"": 1.0}",240.59089889796925
1,WRITE,1174,0.0,4096,6,0.0,143.22397470989546,completed,False,False,False,1,False,0,143.22397470989546,0.0,write,"{""addressing"": 7.586962366426646, ""encoding"": 5.494774242912821, ""molecular_write"": 110.8617131963712, ""write_verification"": 18.2805249041848, ""buffer"": 1.0}",143.22397470989546
1,WRITE,1175,0.0,4096,7,0.0,139.17943620028257,completed,False,False,False,1,False,0,139.17943620028257,0.0,write,"{""addressing"": 10.052772518182978, ""encoding"": 4.576697746998197, ""molecular_write"": 113.52482164907171, ""write_verification"": 10.025144286029679, ""buffer"": 1.0}",139.17943620028257
1,WRITE,1176,0.0,4096,8,0.0,201.85631461885924,completed,False,False,False,1,False,0,201.85631461885924,0.0,write,"{""addressing"": 9.166984941887009, ""encoding"": 6.1533476188577, ""molecular_write"": 169.16482994465875, ""write_verification"": 16.3711521134558, ""buffer"": 1.0}",201.85631461885924
1,WRITE,1177,0.0,4096,9,0.0,161.61068511470688,completed,False,False,False,1,False,0,161.61068511470688,0.0,write,"{""addressing"": 8.08900136178043, ""encoding"": 7.358527850378588, ""molecular_write"": 127.63105100012866, ""write_verification"": 17.532104902419213, ""buffer"": 1.0}",161.61068511470688
1,WRITE,1178,0.0,4096,10,0.0,187.56413691731174,completed,False,False,False,1,False,0,187.56413691731174,0.0,write,"{""addressing"": 6.817931770053008, ""encoding"": 6.424754749956701, ""molecular_write"": 159.02372420742165, ""write_verification"": 14.297726189880382, ""buffer"": 1.0}",187.56413691731174
1,WRITE,1179,0.0,4096,11,0.0,113.029128065826,completed,False,False,False,1,False,0,113.029128065826,0.0,write,"{""addressing"": 5.7383999840498765, ""encoding"": 3.567898046496007, ""molecular_write"": 85.2582860867644, ""write_verification"": 17.464543948515715, ""buffer"": 1.0}",113.029128065826
1,WRITE,1180,0.0,4096,12,0.0,170.244605181741,completed,False,False,False,1,False,0,170.244605181741,0.0,write,"{""addressing"": 6.467111248547627, ""encoding"": 4.712162607116246, ""molecular_write"": 138.62452899841702, ""write_verification"": 19.440802327660123, ""buffer"": 1.0}",170.244605181741
1,WRITE,1181,0.0,4096,13,0.0,133.37170705866907,completed,False,False,False,1,False,0,133.37170705866907,0.0,write,"{""addressing"": 8.7446973522572, ""encoding"": 6.3261674729523785, ""molecular_write"": 103.55606876597764, ""write_verification"": 13.74477346748186, ""buffer"": 1.0}",133.37170705866907
1,WRITE,1182,0.0,4096,14,0.0,157.80776817625735,completed,False,False,False,1,False,0,157.80776817625735,0.0,write,"{""addressing"": 8.82914549380527, ""encoding"": 7.02660614307114, ""molecular_write"": 124.63239453304122, ""write_verification"": 16.319622006339735, ""buffer"": 1.0}",157.80776817625735
1,WRITE,1183,0.0,4096,15,0.0,194.12491422054757,completed,False,False,False,1,False,0,194.12491422054757,0.0,write,"{""addressing"": 6.75025453580264, ""encoding"": 5.059904355220818, ""molecular_write"": 166.05946762891006, ""write_verification"": 15.255287700614046, ""buffer"": 1.0}",194.12491422054757
1,WRITE,1184,0.0,4096,0,0.0,163.43457585476463,completed,False,False,False,1,False,0,163.43457585476463,0.0,write,"{""addressing"": 6.719522447122852, ""encoding"": 6.399214693755077, ""molecular_write"": 133.9870584658644, ""write_verification"": 15.328780248022309, ""buffer"": 1.0}",163.43457585476463
1,WRITE,1185,0.0,4096,1,0.0,153.31501479509456,completed,False,False,False,1,False,0,153.31501479509456,0.0,write,"{""addressing"": 8.174151233045148, ""encoding"": 6.952935062997644, ""molecular_write"": 118.98143428004609, ""write_verification"": 18.20649421900565, ""buffer"": 1.0}",153.31501479509456
1,WRITE,1186,0.0,4096,2,0.0,172.3131086235319,completed,False,False,False,1,False,0,172.3131086235319,0.0,write,"{""addressing"": 5.579149316908196, ""encoding"": 5.2232480423574215, ""molecular_write"": 142.78550626767776, ""write_verification"": 17.725204996588495, ""buffer"": 1.0}",172.3131086235319
1,WRITE,1187,0.0,4096,3,0.0,108.23206233761739,completed,False,False,False,1,False,0,108.23206233761739,0.0,write,"{""addressing"": 6.949417299552337, ""encoding"": 6.527697243499584, ""molecular_write"": 78.07097872792633, ""write_verification"": 15.68396906663914, ""buffer"": 1.0}",108.23206233761739
1,WRITE,1188,0.0,4096,4,0.0,149.00845937699592,completed,False,False,False,1,False,0,149.00845937699592,0.0,write,"{""addressing"": 6.126740385745869, ""encoding"": 7.012736068056178, ""molecular_write"": 117.1605163643383, ""write_verification"": 17.70846655885554, ""buffer"": 1.0}",149.00845937699592
1,WRITE,1189,0.0,4096,5,0.0,133.96480230630542,completed,False,False,False,1,False,0,133.96480230630542,0.0,write,"{""addressing"": 7.948793634555912, ""encoding"": 6.552317713732351, ""molecular_write"": 104.10068517061244, ""write_verification"": 14.363005787404715, ""buffer"": 1.0}",133.96480230630542
1,WRITE,1190,0.0,4096,6,0.0,168.2027098884844,completed,False,False,False,1,False,0,168.2027098884844,0.0,write,"{""addressing"": 9.888452702528944, ""encoding"": 6.120081590634407, ""molecular_write"": 133.99682228882267, ""write_verification"": 17.1973533064984, ""buffer"": 1.0}",168.2027098884844
1,WRITE,1191,0.0,4096,7,0.0,122.07854216732868,completed,False,False,False,1,False,0,122.07854216732868,0.0,write,"{""addressing"": 8.543053756860381, ""encoding"": 5.286841962840841, ""molecular_write"": 89.8351015613379, ""write_verification"": 17.41354488628956, ""buffer"": 1.0}",122.07854216732868
1,WRITE,1192,0.0,4096,8,0.0,87.35431908605732,completed,False,False,False,1,False,0,87.35431908605732,0.0,write,"{""addressing"": 5.642826479450101, ""encoding"": 7.161363250230548, ""molecular_write"": 58.280086735082456, ""write_verification"": 15.270042621294204, ""buffer"": 1.0}",87.35431908605732
1,WRITE,1193,0.0,4096,9,0.0,177.84093203009536,completed,False,False,False,1,False,0,177.84093203009536,0.0,write,"{""addressing"": 7.80226788893141, ""encoding"": 7.424995029498387, ""molecular_write"": 145.5879394437341, ""write_verification"": 16.025729667931465, ""buffer"": 1.0}",177.84093203009536
1,WRITE,1194,0.0,4096,10,0.0,134.32950163405872,completed,False,False,False,1,False,0,134.32950163405872,0.0,write,"{""addressing"": 6.418337131573198, ""encoding"": 7.22209785211378, ""molecular_write"": 107.40535254639258, ""write_verification"": 12.283714103979156, ""buffer"": 1.0}",134.32950163405872
1,WRITE,1195,0.0,4096,11,0.0,135.8724233565129,completed,False,False,False,1,False,0,135.8724233565129,0.0,write,"{""addressing"": 8.224221784757006, ""encoding"": 7.311597152020736, ""molecular_write"": 105.94238464658386, ""write_verification"": 13.39421977315132, ""buffer"": 1.0}",135.8724233565129
1,WRITE,1196,0.0,4096,12,0.0,130.349924655945,completed,False,False,False,1,False,0,130.349924655945,0.0,write,"{""addressing"": 6.198579991942026, ""encoding"": 7.260146471024418, ""molecular_write"": 107.50108178542048, ""write_verification"": 8.390116407558075, ""buffer"": 1.0}",130.349924655945
1,WRITE,1197,0.0,4096,13,0.0,132.98343329355384,completed,False,False,False,1,False,0,132.98343329355384,0.0,write,"{""addressing"": 5.930073016392903, ""encoding"": 5.310467981787044, ""molecular_write"": 106.57219560922566, ""write_verification"": 14.170696686148244, ""buffer"": 1.0}",132.98343329355384
1,WRITE,1198,0.0,4096,14,0.0,164.26457584182586,completed,False,False,False,1,False,0,164.26457584182586,0.0,write,"{""addressing"": 7.422644617638475, ""encoding"": 8.043829624162205, ""molecular_write"": 132.14963681199907, ""write_verification"": 15.648464788026091, ""buffer"": 1.0}",164.26457584182586
1,WRITE,1199,0.0,4096,15,0.0,171.21236565890638,completed,False,False,False,1,False,0,171.21236565890638,0.0,write,"{""addressing"": 9.522435007906875, ""encoding"": 7.544900665606388, ""molecular_write"": 139.09128862072416, ""write_verification"": 14.053741364668944, ""buffer"": 1.0}",171.21236565890638
1,WRITE,1200,0.0,4096,0,0.0,174.9419364853576,completed,False,False,False,1,False,0,174.9419364853576,0.0,write,"{""addressing"": 7.016500289180458, ""encoding"": 6.001599223793621, ""molecular_write"": 146.28755244093014, ""write_verification"": 14.636284531453358, ""buffer"": 1.0}",174.9419364853576
1,WRITE,1201,0.0,4096,1,0.0,136.6590158858198,completed,False,False,False,1,False,0,136.6590158858198,0.0,write,"{""addressing"": 5.244126594457152, ""encoding"": 5.395691490698704, ""molecular_write"": 117.13836209098554, ""write_verification"": 7.88083570967841, ""buffer"": 1.0}",136.6590158858198
1,WRITE,1202,0.0,4096,2,0.0,100.29956175290019,completed,False,False,False,1,False,0,100.29956175290019,0.0,write,"{""addressing"": 7.87394732467123, ""encoding"": 6.726743249865825, ""molecular_write"": 71.82488696982325, ""write_verification"": 12.873984208539875, ""buffer"": 1.0}",100.29956175290019
1,WRITE,1203,0.0,4096,3,0.0,151.49880370255553,completed,False,False,False,1,False,0,151.49880370255553,0.0,write,"{""addressing"": 8.590177707455583, ""encoding"": 7.105901289363819, ""molecular_write"": 119.17488023304175, ""write_verification"": 15.627844472694402, ""buffer"": 1.0}",151.49880370255553
1,WRITE,1204,0.0,4096,4,0.0,223.16456495456936,completed,False,False,False,1,False,0,223.16456495456936,0.0,write,"{""addressing"": 7.063956943496792, ""encoding"": 6.485339544806232, ""molecular_write"": 195.22764747345806, ""write_verification"": 13.387620992808277, ""buffer"": 1.0}",223.16456495456936
1,WRITE,1205,0.0,4096,5,0.0,179.09023601919418,completed,False,False,False,1,False,0,179.09023601919418,0.0,write,"{""addressing"": 10.33028558128671, ""encoding"": 5.274093590831608, ""molecular_write"": 146.48386213990162, ""write_verification"": 16.00199470717425, ""buffer"": 1.0}",179.09023601919418
1,WRITE,1206,0.0,4096,6,0.0,133.12557984542912,completed,False,False,False,1,False,0,133.12557984542912,0.0,write,"{""addressing"": 6.5441004776671035, ""encoding"": 6.0726888676285204, ""molecular_write"": 100.79366593871435, ""write_verification"": 18.715124561419135, ""buffer"": 1.0}",133.12557984542912
1,WRITE,1207,0.0,4096,7,0.0,176.696402452157,completed,False,False,False,1,False,0,176.696402452157,0.0,write,"{""addressing"": 8.377303755483949, ""encoding"": 5.811863559179618, ""molecular_write"": 146.01818271033142, ""write_verification"": 15.489052427162013, ""buffer"": 1.0}",176.696402452157
1,WRITE,1208,0.0,4096,8,0.0,130.15002652323906,completed,False,False,False,1,False,0,130.15002652323906,0.0,write,"{""addressing"": 8.89085419828987, ""encoding"": 6.725885160667574, ""molecular_write"": 98.51135699558908, ""write_verification"": 15.021930168692535, ""buffer"": 1.0}",130.15002652323906
1,WRITE,1209,0.0,4096,9,0.0,97.42201006902073,completed,False,False,False,1,False,0,97.42201006902073,0.0,write,"{""addressing"": 6.091702538054758, ""encoding"": 5.705630121028957, ""molecular_write"": 68.40310172569649, ""write_verification"": 16.22157568424052, ""buffer"": 1.0}",97.42201006902073
1,WRITE,1210,0.0,4096,10,0.0,142.62147314967694,completed,False,False,False,1,False,0,142.62147314967694,0.0,write,"{""addressing"": 7.758553007059489, ""encoding"": 5.80756343705075, ""molecular_write"": 110.2040355262949, ""write_verification"": 17.8513211792718, ""buffer"": 1.0}",142.62147314967694
1,WRITE,1211,0.0,4096,11,0.0,114.07481797368624,completed,False,False,False,1,False,0,114.07481797368624,0.0,write,"{""addressing"": 8.817672678036537, ""encoding"": 7.6098036749051685, ""molecular_write"": 79.8745331951731, ""write_verification"": 16.772808425571426, ""buffer"": 1.0}",114.07481797368624
1,WRITE,1212,0.0,4096,12,0.0,161.98819875727392,completed,False,False,False,1,False,0,161.98819875727392,0.0,write,"{""addressing"": 5.79721153360905, ""encoding"": 5.103253492843756, ""molecular_write"": 134.731561607869, ""write_verification"": 15.356172122952126, ""buffer"": 1.0}",161.98819875727392
1,WRITE,1213,0.0,4096,13,0.0,199.94246766968234,completed,False,False,False,1,False,0,199.94246766968234,0.0,write,"{""addressing"": 9.703460799015206, ""encoding"": 6.653889205693021, ""molecular_write"": 168.91405357799974, ""write_verification"": 13.67106408697439, ""buffer"": 1.0}",199.94246766968234
1,WRITE,1214,0.0,4096,14,0.0,152.42615710265468,completed,False,False,False,1,False,0,152.42615710265468,0.0,write,"{""addressing"": 7.424840439544468, ""encoding"": 5.89691723697372, ""molecular_write"": 115.66072815287623, ""write_verification"": 22.44367127326027, ""buffer"": 1.0}",152.42615710265468
1,WRITE,1215,0.0,4096,15,0.0,152.9569856578023,completed,False,False,False,1,False,0,152.9569856578023,0.0,write,"{""addressing"": 6.981760472523803, ""encoding"": 3.9999897151081085, ""molecular_write"": 124.86931645850943, ""write_verification"": 16.10591901166096, ""buffer"": 1.0}",152.9569856578023
1,WRITE,1216,0.0,4096,0,0.0,213.4859405933951,completed,False,False,False,1,False,0,213.4859405933951,0.0,write,"{""addressing"": 7.970796997323576, ""encoding"": 4.774073543955627, ""molecular_write"": 185.9105917141131, ""write_verification"": 13.830478338002795, ""buffer"": 1.0}",213.4859405933951
1,WRITE,1217,0.0,4096,1,0.0,98.29337868017278,completed,False,False,False,1,False,0,98.29337868017278,0.0,write,"{""addressing"": 8.485665267898776, ""encoding"": 6.386321262531621, ""molecular_write"": 68.19176698306708, ""write_verification"": 14.229625166675294, ""buffer"": 1.0}",98.29337868017278
1,WRITE,1218,0.0,4096,2,0.0,90.33136777299913,completed,False,False,False,1,False,0,90.33136777299913,0.0,write,"{""addressing"": 6.809677428064406, ""encoding"": 6.286337647359946, ""molecular_write"": 58.06978618630162, ""write_verification"": 18.165566511273152, ""buffer"": 1.0}",90.33136777299913
1,WRITE,1219,0.0,4096,3,0.0,141.30862100155488,completed,False,False,False,1,False,0,141.30862100155488,0.0,write,"{""addressing"": 7.6442967177345835, ""encoding"": 7.396909849957916, ""molecular_write"": 115.24892767865657, ""write_verification"": 10.018486755205831, ""buffer"": 1.0}",141.30862100155488
1,WRITE,1220,0.0,4096,4,0.0,142.42851652932512,completed,False,False,False,1,False,0,142.42851652932512,0.0,write,"{""addressing"": 9.937958295324211, ""encoding"": 5.939288945071099, ""molecular_write"": 107.83643886441484, ""write_verification"": 17.714830424514957, ""buffer"": 1.0}",142.42851652932512
1,WRITE,1221,0.0,4096,5,0.0,157.91039493857437,completed,False,False,False,1,False,0,157.91039493857437,0.0,write,"{""addressing"": 5.66562131501728, ""encoding"": 6.932461246095546, ""molecular_write"": 131.49916497036702, ""write_verification"": 12.813147407094535, ""buffer"": 1.0}",157.91039493857437
1,WRITE,1222,0.0,4096,6,0.0,131.57123383038729,completed,False,False,False,1,False,0,131.57123383038729,0.0,write,"{""addressing"": 7.322804871927955, ""encoding"": 4.160837004144069, ""molecular_write"": 101.25439243109626, ""write_verification"": 17.833199523218994, ""buffer"": 1.0}",131.57123383038729
1,WRITE,1223,0.0,4096,7,0.0,114.52873063037109,completed,False,False,False,1,False,0,114.52873063037109,0.0,write,"{""addressing"": 8.976764839833674, ""encoding"": 6.6621184620444795, ""molecular_write"": 83.91991063307523, ""write_verification"": 13.969936695417708, ""buffer"": 1.0}",114.52873063037109
1,WRITE,1224,0.0,4096,8,0.0,104.52338992827562,completed,False,False,False,1,False,0,104.52338992827562,0.0,write,"{""addressing"": 7.020803324947361, ""encoding"": 7.143517109241476, ""molecular_write"": 73.39812778894111, ""write_verification"": 15.960941705145668, ""buffer"": 1.0}",104.52338992827562
1,WRITE,1225,0.0,4096,9,0.0,193.81109125154734,completed,False,False,False,1,False,0,193.81109125154734,0.0,write,"{""addressing"": 8.254475088015948, ""encoding"": 5.923176014760902, ""molecular_write"": 167.86591022940812, ""write_verification"": 10.767529919362367, ""buffer"": 1.0}",193.81109125154734
1,WRITE,1226,0.0,4096,10,0.0,138.47228800524616,completed,False,False,False,1,False,0,138.47228800524616,0.0,write,"{""addressing"": 6.64512203550172, ""encoding"": 5.732313612201348, ""molecular_write"": 106.78447673858781, ""write_verification"": 18.310375618955284, ""buffer"": 1.0}",138.47228800524616
1,WRITE,1227,0.0,4096,11,0.0,156.11241955458405,completed,False,False,False,1,False,0,156.11241955458405,0.0,write,"{""addressing"": 10.763130166794014, ""encoding"": 4.043024088231673, ""molecular_write"": 127.30663389723756, ""write_verification"": 12.99963140232079, ""buffer"": 1.0}",156.11241955458405
1,WRITE,1228,0.0,4096,12,0.0,130.20262131540971,completed,False,False,False,1,False,0,130.20262131540971,0.0,write,"{""addressing"": 9.371481486017453, ""encoding"": 6.529882752305921, ""molecular_write"": 101.75761722273296, ""write_verification"": 11.543639854353373, ""buffer"": 1.0}",130.20262131540971
1,WRITE,1229,0.0,4096,13,0.0,159.6294159197597,completed,False,False,False,1,False,0,159.6294159197597,0.0,write,"{""addressing"": 7.18161921814772, ""encoding"": 5.709370096948052, ""molecular_write"": 134.55337587264293, ""write_verification"": 11.185050732021022, ""buffer"": 1.0}",159.6294159197597
1,WRITE,1230,0.0,4096,14,0.0,107.07655360463026,completed,False,False,False,1,False,0,107.07655360463026,0.0,write,"{""addressing"": 8.470723589382647, ""encoding"": 7.012411516696274, ""molecular_write"": 73.41321873627166, ""write_verification"": 17.180199762279685, ""buffer"": 1.0}",107.07655360463026
1,WRITE,1231,0.0,4096,15,0.0,149.70880470070858,completed,False,False,False,1,False,0,149.70880470070858,0.0,write,"{""addressing"": 7.322763020036269, ""encoding"": 5.69789074165877, ""molecular_write"": 117.88168800994808, ""write_verification"": 17.80646292906547, ""buffer"": 1.0}",149.70880470070858
1,WRITE,1232,0.0,4096,0,0.0,187.86000710003768,completed,False,False,False,1,False,0,187.86000710003768,0.0,write,"{""addressing"": 6.669442021571135, ""encoding"": 5.914540793073731, ""molecular_write"": 161.01366936645124, ""write_verification"": 13.26235491894158, ""buffer"": 1.0}",187.86000710003768
1,WRITE,1233,0.0,4096,1,0.0,217.99496198178727,completed,False,False,False,1,False,0,217.99496198178727,0.0,write,"{""addressing"": 6.969268821752024, ""encoding"": 5.152619022702904, ""molecular_write"": 188.15876281928556, ""write_verification"": 16.714311318046775, ""buffer"": 1.0}",217.99496198178727
1,WRITE,1234,0.0,4096,2,0.0,161.06881685856462,completed,False,False,False,1,False,0,161.06881685856462,0.0,write,"{""addressing"": 8.811270967239308, ""encoding"": 6.355257223599181, ""molecular_write"": 132.50517527056704, ""write_verification"": 12.3971133971591, ""buffer"": 1.0}",161.06881685856462
1,WRITE,1235,0.0,4096,3,0.0,100.35969316192862,completed,False,False,False,1,False,0,100.35969316192862,0.0,write,"{""addressing"": 10.419167038184792, ""encoding"": 5.227664886543147, ""molecular_write"": 67.52653813838599, ""write_verification"": 16.186323098814693, ""buffer"": 1.0}",100.35969316192862
1,WRITE,1236,0.0,4096,4,0.0,199.76898455792636,completed,False,False,False,1,False,0,199.76898455792636,0.0,write,"{""addressing"": 7.993718631895011, ""encoding"": 5.535034880057165, ""molecular_write"": 170.7646095437671, ""write_verification"": 14.475621502207064, ""buffer"": 1.0}",199.76898455792636
1,WRITE,1237,0.0,4096,5,0.0,155.35773538645063,completed,False,False,False,1,False,0,155.35773538645063,0.0,write,"{""addressing"": 8.283680470256149, ""encoding"": 4.625798373822366, ""molecular_write"": 125.13237552018064, ""write_verification"": 16.31588102219147, ""buffer"": 1.0}",155.35773538645063
1,WRITE,1238,0.0,4096,6,0.0,172.58965065413497,completed,False,False,False,1,False,0,172.58965065413497,0.0,write,"{""addressing"": 6.1070873655140385, ""encoding"": 5.205909343584569, ""molecular_write"": 149.0962442451634, ""write_verification"": 11.180409699872966, ""buffer"": 1.0}",172.58965065413497
1,WRITE,1239,0.0,4096,7,0.0,147.87173790156976,completed,False,False,False,1,False,0,147.87173790156976,0.0,write,"{""addressing"": 7.792187412064115, ""encoding"": 5.7371386320994695, ""molecular_write"": 118.73298264600864, ""write_verification"": 14.609429211397535, ""buffer"": 1.0}",147.87173790156976
1,WRITE,1240,0.0,4096,8,0.0,130.03699075898723,completed,False,False,False,1,False,0,130.03699075898723,0.0,write,"{""addressing"": 6.9456007409692, ""encoding"": 6.555877648116499, ""molecular_write"": 103.05756707142854, ""write_verification"": 12.477945298472982, ""buffer"": 1.0}",130.03699075898723
1,WRITE,1241,0.0,4096,9,0.0,170.23370482127729,completed,False,False,False,1,False,0,170.23370482127729,0.0,write,"{""addressing"": 8.653240951195311, ""encoding"": 5.106273550340066, ""molecular_write"": 141.41880550297896, ""write_verification"": 14.055384816762976, ""buffer"": 1.0}",170.23370482127729
1,WRITE,1242,0.0,4096,10,0.0,318.1920674210399,completed,False,False,False,1,False,0,318.1920674210399,0.0,write,"{""addressing"": 9.655671307356183, ""encoding"": 6.155481997719072, ""molecular_write"": 281.10641360499454, ""write_verification"": 20.274500510970064, ""buffer"": 1.0}",318.1920674210399
1,WRITE,1243,0.0,4096,11,0.0,144.24498355530326,completed,False,False,False,1,False,0,144.24498355530326,0.0,write,"{""addressing"": 6.342302101175356, ""encoding"": 4.972275448096421, ""molecular_write"": 116.22127348044204, ""write_verification"": 15.709132525589458, ""buffer"": 1.0}",144.24498355530326
1,WRITE,1244,0.0,4096,12,0.0,129.53447721598707,completed,False,False,False,1,False,0,129.53447721598707,0.0,write,"{""addressing"": 6.5880015148816105, ""encoding"": 5.277129025677094, ""molecular_write"": 103.29506165929816, ""write_verification"": 13.3742850161302, ""buffer"": 1.0}",129.53447721598707
1,WRITE,1245,0.0,4096,13,0.0,180.37422694615776,completed,False,False,False,1,False,0,180.37422694615776,0.0,write,"{""addressing"": 9.826956142004734, ""encoding"": 5.520574611705358, ""molecular_write"": 153.5362256810671, ""write_verification"": 10.490470511380593, ""buffer"": 1.0}",180.37422694615776
1,WRITE,1246,0.0,4096,14,0.0,140.05187865338615,completed,False,False,False,1,False,0,140.05187865338615,0.0,write,"{""addressing"": 8.24891163669486, ""encoding"": 4.9290599487779705, ""molecular_write"": 113.86833648618021, ""write_verification"": 12.005570581733098, ""buffer"": 1.0}",140.05187865338615
1,WRITE,1247,0.0,4096,15,0.0,258.1714543462856,completed,False,False,False,1,False,0,258.1714543462856,0.0,write,"{""addressing"": 7.980753784356231, ""encoding"": 7.33804463702691, ""molecular_write"": 222.7445720764386, ""write_verification"": 19.108083848463828, ""buffer"": 1.0}",258.1714543462856
1,WRITE,1248,0.0,4096,0,0.0,144.7322370179564,completed,False,False,False,1,False,0,144.7322370179564,0.0,write,"{""addressing"": 11.454433852809766, ""encoding"": 6.693577318059076, ""molecular_write"": 107.98723545117595, ""write_verification"": 17.596990395911625, ""buffer"": 1.0}",144.7322370179564
1,WRITE,1249,0.0,4096,1,0.0,132.45356961203825,completed,False,False,False,1,False,0,132.45356961203825,0.0,write,"{""addressing"": 7.41283695275767, ""encoding"": 6.637882748812702, ""molecular_write"": 103.32887341204227, ""write_verification"": 14.073976498425615, ""buffer"": 1.0}",132.45356961203825
